Model,AUPRC,AUROC
Local Outlier Factor (k=50),0.3800243048838009,0.7260721128076293
