Model,AUPRC,AUROC
Local Outlier Factor (k=50),0.41523815756012494,0.7502342500112521
