Model,AUPRC,AUROC
Local Outlier Factor (k=50),0.41268142023498255,0.7493919886338779
