Model,AUPRC,AUROC
Local Outlier Factor (k=50),0.4124892571398682,0.7463465024277964
