Model,AUPRC,AUROC
Local Outlier Factor (k=50),0.37891463236396794,0.7260658178795473
