Model,AUPRC,AUROC
Local Outlier Factor (k=50),0.4104143352058511,0.7422840705900646
