Model,AUPRC,AUROC
Local Outlier Factor (k=50),0.4174939280019663,0.7495553420176063
