Metric,Value
AUPRC,0.5790392118030528
AUROC,0.8193324165819738
