Metric,Value
AUPRC,0.582009129034402
AUROC,0.8203005765209883
