Metric,Value
AUPRC,0.5789574172371907
AUROC,0.8192940175206734
